_id,address,date_of_birth,full_name,gender,mobile,nric
61a0d21da3b5e8ecfe7b6d28,Blk 147 Tampines Avenue 5 #11-88 Singapore 521147,1970-01-01T00:00:00.000Z,Zhou Jie Yi ,Female,91237777,T0298875A
61a0d21da3b5e8ecfe7b6d29,Blk 150 Bishan Street 11 #14-88 Singapore 570150,2001-12-09T16:00:00.000Z,Fang Tong,Female,98765453,T0198876Z
61a0d21da3b5e8ecfe7b6d2a,Blk 147 Simei Street 2 #12-65 Singapore 520147,2001-09-07T16:00:00.000Z,Isawaran Bai,Female,98766789,T0187765Z
61a0d21da3b5e8ecfe7b6d2b,Blk 319 North Vista Road #12-88 Singapore 541233,1999-02-10T16:00:00.000Z,Tiffany Lee,Female,91234567,S9945788Z
61a0d21da3b5e8ecfe7b6d2c,"Blk 26, Anson Road, #15-14 Singapore 988712�",1999-03-11T16:00:00.000Z,Rosy Lim Li Qin,Female,98733333,S9966756Z
61a0d21da3b5e8ecfe7b6d2d,Blk 789 Woodlands Road #02-14  Singapore 677899,1998-04-03T16:00:00.000Z,Heather Ong ,Female,91231232,S9878776I
61a0d21da3b5e8ecfe7b6d2e,74 Ayer Rajah Crescent #03-09 Singapore 098822,1998-02-01T16:00:00.000Z,Elina Goh,Female,98765432,S9877665I
61a0d21da3b5e8ecfe7b6d2f,Blk 35 Mandalay Road  # 13-37 Mandalay Towers,1998-08-07T16:00:00.000Z,Song Xue Min,Female,98789087,S9812346I
61a0d21da3b5e8ecfe7b6d30,Blk 35 Bishan Road  # 13-37 Singapore 121212,1998-09-08T16:00:00.000Z,Felicia Teo Si Yi,Female,96542678,S9877778I
61a0d21da3b5e8ecfe7b6d31,Ang Mo Kio Ave 10 Blk 467 #09-998 Singapore 129887,1997-12-11T16:00:00.000Z,Pang Jia Hui,Female,96755590,S9766546J
61a0d21da3b5e8ecfe7b6d32,277 Orchard Road Singapore�9,1997-08-06T16:00:00.000Z,Michael Athony Goh,Male,98775900,S9765444J
61a0d21da3b5e8ecfe7b6d33,Blk 35 Mandalay Road  # 13-37 Mandalay Towers,1997-11-01T16:00:00.000Z,Benny Wong Chu Han,Male,87655345,S9723410J
61a0d21da3b5e8ecfe7b6d34,Blk 123 Punggol Road #14-76 Singapore 128892,1996-09-09T16:00:00.000Z,Tan He Jun,Male,87665123,S9655432K
61a0d21da3b5e8ecfe7b6d35,Blk 117 Ang Mo Kio Ave 10 #07-99 Singapore 123445,1996-04-04T16:00:00.000Z,Lewis Lew Jun Hao,Male,86554356,S9653542K
61a0d21da3b5e8ecfe7b6d36,53 Ang Mo Kio Avenue 3 Singapore 569933,1995-03-02T16:00:00.000Z,Samuel Tan ,Male,98765341,S9544332K
61a0d21da3b5e8ecfe7b6d37,Blk�145�Lorong 2 Toa Payoh Singapore 310145,1970-01-01T00:00:00.000Z,Gary Yik Zi Xin,Male,98883434,S6512222K
61a0d21da3b5e8ecfe7b6d38,Blk 150A Bishan Street 11 Singapore 571150,1970-01-01T00:00:00.000Z,Henry Lee,Male,91665522,S6544444E
61a0d21da3b5e8ecfe7b6d39,53 Ang Mo Kio Avenue 3  #11-90 Singapore 569933,1965-01-11T16:30:00.000Z,Goh Jun Wei,Male,98708653,S6500214E
61a0d21da3b5e8ecfe7b6d3a,10 Eunos Road 8 #05-33 Singapore 123322 ,1965-05-04T16:30:00.000Z,Jordan Leong Jia Lun,Male,98766523,S6512332E
61a0d21da3b5e8ecfe7b6d3b,79 Jalan Wehner Hill Singapore 850765,1996-09-13T16:00:00.000Z,Yeh Jia Ling,Female,97718962,S9619032C
61a0d21da3b5e8ecfe7b6d3c,335 Jacobi Link Avenue Singapore 669098,1988-10-27T16:00:00.000Z,Chua Zheng Xun,Male,94926481,S9987152J
61a0d21da3b5e8ecfe7b6d3d,"Blk 174 Tampines Street 39, #15-19",2001-03-12T16:00:00.000Z,Fan Kok Soon,Male,91151370,S0515048D
61a0d21da3b5e8ecfe7b6d3e,"Blk 160 Bedok Street 12, #06-08",1983-07-18T16:00:00.000Z,Pun Hui Qi,Female,98184327,S1006532L
61a0d21da3b5e8ecfe7b6d3f,"Blk 430 Marine Parade Street 12, #03-14",1992-04-28T16:00:00.000Z,Yang Kok Meng,Male,97145059,S2856297J
61a0d21da3b5e8ecfe7b6d40,"Blk 367 Jurong West Street 32, #07-25",1979-07-25T16:30:00.000Z,Shen Shu Hui,Female,94892455,S3754771P
61a0d21da3b5e8ecfe7b6d41,"50 Marsiling Avenue, #08-14",1978-07-14T16:30:00.000Z,Loh Jia Yi,Male,95182779,S1771806H
61a0d21da3b5e8ecfe7b6d42,"Blk 47 Lorong 5 Bukit Ho Swee, #06-03",1998-09-08T16:00:00.000Z,Tin Kai Wen,Male,87450702,S2233415X
61a0d21da3b5e8ecfe7b6d43,"Blk 263 Lorong 6 Bedok, #10-05",1998-06-24T16:00:00.000Z,Qian En Hui,Female,92467107,S2951098R
61a0d21da3b5e8ecfe7b6d44,"Blk 290 Sengkang Street 78, #07-21",2000-02-07T16:00:00.000Z,Zeng Min Hui,Male,98237465,S6295546L
61a0d21da3b5e8ecfe7b6d45,40 Jalan Koch Place Singapore 252383,1997-07-30T16:00:00.000Z,Huang Jun Kai ,Male,98726518,S9789268G
61a0d21da3b5e8ecfe7b6d46,"28 Mt Elizabeth #028-09, 228510, Singapore",1997-03-23T16:00:00.000Z,Ho Jia Yi,Male,92656955,S0607865F
61a0d21da3b5e8ecfe7b6d47,"	477 Changi Rd, 419881, Singapore",1967-08-22T16:30:00.000Z,Du Xin Ling,Male,92894989,S7722395I
61a0d21da3b5e8ecfe7b6d48,"418 Orchard Road, 238876, Singapore",1993-09-19T16:00:00.000Z,Fung Yong Hui,Female,92222284,S1421253A
61a0d21da3b5e8ecfe7b6d49,"339A KING GEORGE'S AVENUE 02-00, 208565, Singapore",1951-11-26T16:30:00.000Z,Wu Hao Qiang,Male,84444255,S8603419J
61a0d21da3b5e8ecfe7b6d4a,"11 Marine Parade Central #04-07A Parkway Centre, 449408, Singapore",1993-09-07T16:00:00.000Z,Tin Yi Min,Female,85852516,S4143474J
61a0d21da3b5e8ecfe7b6d4b,"104 Loyang Way, 508767, Singapore",1976-06-30T16:30:00.000Z,Chua Cheng Boon,Male,87338811,S7879936F
61a0d21da3b5e8ecfe7b6d4c,"53 Bishan Place #03-12 Junction 8 Shopping Centre, 5753837, Singapore",1973-12-08T16:30:00.000Z,Chen Yi Ming,Male,84483808,S4857812H
61a0d21da3b5e8ecfe7b6d4d,"74 Robinson Road, , 04-03 Robinson Towers, 048546 48546, Singapore",1984-10-13T16:00:00.000Z,Lau Zi Yi,Male,87331008,S8738567A
61a0d21da3b5e8ecfe7b6d4e,"	50 NEIL ROAD, 088815, Singapore",1966-05-24T16:30:00.000Z,Zhong Shu Hui,Female,82692553,S9026061H
61a0d21da3b5e8ecfe7b6d4f,7525A Beach Rd #10-301 The Plaza Singapore 199591,1980-04-15T16:30:00.000Z,Oon Jia Jia,Female,87479177,S1977703J
61a0d21da3b5e8ecfe7b6d50,3043 Bedok North Avenue 4 #03-21 Singapore 489979,1985-01-30T16:00:00.000Z,Du Xi Hui,Male,93456766,S7834770H
61a0d21da3b5e8ecfe7b6d51,649 Aljunied Road 03-04 Singapore 389835,1974-12-07T16:30:00.000Z,Hong Wei Le,Male,97351638,S2669767J
61a0d21da3b5e8ecfe7b6d52,"17 Depot Road #13-017 Singapore 109681, Singapore",1963-03-30T16:30:00.000Z,Zhong Jia Qi,Male,92524456,S0342279H
61a0d21da3b5e8ecfe7b6d53,"	89 Changi Business Park Central 2, 896067, Singapore",1977-05-10T16:30:00.000Z,Nisha Shazia Binte Abdul Hazim,Female,95679338,S4425641Z
61a0d21da3b5e8ecfe7b6d54,"628 Sims Drive 02-06 Pan-I Complex, 387382, Singapore",1998-02-11T16:00:00.000Z,Mohammad Syaril Bin Mohammad Agus,Male,95342852,S9217265A
61a0d21da3b5e8ecfe7b6d55,"186 Cecil Street 14-01B Cecil Point, 069538, Singapore",1989-12-31T16:00:00.000Z,Haikel Irfan Bin Mohamamad Andika,Male,98984848,S5856392G
61a0d21da3b5e8ecfe7b6d56,"67 Hougang Ave 7, 06-03 Singapore 538800",1995-10-09T16:00:00.000Z,Ng Ying Hui,Female,84810803,S9525559J
61a0d21da3b5e8ecfe7b6d57,163 TANGLIN ROAD  #02-K2 Singapore 247933,1988-04-05T16:00:00.000Z,Zhong Kai Ling,Female,87358099,S8853994Z
61a0d21da3b5e8ecfe7b6d58,BLK 347 JURONG EAST AVENUE 1 #01-165 Singapore 600347,1990-06-11T16:00:00.000Z,Su Zheng De,male,85173509,S9055344Z
61a0d21da3b5e8ecfe7b6d59,3007 Ubi Rd 1 #04-454 Singapore 408701,1983-06-02T16:00:00.000Z,Chua Seng Hee,male,97101777,S8328438B
61a0d21da3b5e8ecfe7b6d5a,865 Mountbatten Rd #06-42 Singapore 437844,1997-12-29T16:00:00.000Z,Chang Ming De,male,90325883,S9794032J
61a0d21da3b5e8ecfe7b6d5b,16 ROWELL ROAD Singapore 207974,2009-04-24T16:00:00.000Z,Sheng Jia Xin,Female,99635022,T0944528A
61a0d21da3b5e8ecfe7b6d5c,10 Neythal Road Singapore 628576,1956-10-01T16:30:00.000Z,Shen Si Hui,Female,91137626,S5615136B
61a0d21da3b5e8ecfe7b6d5d,"89 SHORT STREET, #09-05 Singapore 188216",1998-08-20T16:00:00.000Z,Tung Jun De,Female,97265329,S9849495Z
61a0d21da3b5e8ecfe7b6d5e,190 Middle Rd #03-30 Singapore 188979,1984-04-03T16:00:00.000Z,Teo Xin Yi,Female,93942282,S8497939B
61a0d21da3b5e8ecfe7b6d5f,Toa Payoh Lor 8 01-1477 Singapore 319074,1990-07-03T16:00:00.000Z,Teng Seng Hee,Male,98830636,S9069085Z
61a0d21da3b5e8ecfe7b6d60,222 Jurong East Street 21 #04-911 Singapore 600222,1971-11-10T16:30:00.000Z,Li Yip Hang Charles,Male,90595804,S7125106C
61a0d21da3b5e8ecfe7b6d61,1021 Mornington Crescent 01-20 Singapore 798659,1996-08-10T16:00:00.000Z,Ang Wan Ying Cathy,Female,92388638,S9669393A
61a0d21da3b5e8ecfe7b6d62,219 River Valley Road 03-01 Singapore 238277,2007-12-31T16:00:00.000Z,Lin See Hui,Female,98837062,T0880020G
61a0d21da3b5e8ecfe7b6d63,897 Old Holland Rd Singapore 278690,2019-09-05T16:00:00.000Z,Irfan Mahmood,Male,95042509,T1924596D
61a0d21da3b5e8ecfe7b6d64,109 North Bridge Rd #04-38 Singapore 179097 ,2001-12-11T16:00:00.000Z,Muhammad Kadir,Male,93374733,T0144294A
61a0d21da3b5e8ecfe7b6d65,1 Delta Ave Singapore 160001,1999-05-31T16:00:00.000Z,Yeo Sok Huay Dora,Female,92510275,S9946614F
61a0d21da3b5e8ecfe7b6d66,28 Sin Ming Drive #01-181 Singapore 575702 ,1971-10-15T16:30:00.000Z,Ngiam Jiahui Garry,Male,99323679,S7122658A
61a0d21da3b5e8ecfe7b6d67,57 Ubi Ave 1 #07-01 Ubi Centre Singapore 408936,1999-03-29T16:00:00.000Z,Morgan Ong Ming Gui,Female,95260997,S9906558E
61a0d21da3b5e8ecfe7b6d68,25 Chin Bee Road Singapore 619831,1982-04-20T16:00:00.000Z,Choo Caiwen Ma,Male,98240937,S8297996D
61a0d21da3b5e8ecfe7b6d69,34 Whampoa West #01-15 Singapore 330034,1995-07-10T16:00:00.000Z,Selena Loh,Female,98000652,S9558550C
61a0d21da3b5e8ecfe7b6d6a,100 Pulau Drive #29-40 Singapore 696989,1982-01-01T16:00:00.000Z,Aarav Khan,Male,96962363,S7789769J
61a0d21da3b5e8ecfe7b6d6b,"29 Ellenborough Street 01-105, 0500029, Singapore",1970-01-01T00:00:00.000Z,Huan Teng,Female,65332178,S2682763I
61a0d21da3b5e8ecfe7b6d6c,"75 Middle Road #02-00 Boon Sing Building, 188950, Singapore",1970-01-01T00:00:00.000Z,Lei��Mao,Male,63380325,S9109611J
61a0d21da3b5e8ecfe7b6d6d,"603 Balstial Road 179098, Singapore",1991-07-04T16:00:00.000Z,Xinya��Yao,Male,96549319,S0188440I
61a0d21da3b5e8ecfe7b6d6e,"22 TRENGGANU STREET 058455, Singapore",1987-09-05T16:00:00.000Z,Qigang��Duan,Female,62253142,S5062971F
61a0d21da3b5e8ecfe7b6d6f,"34 Pioneer Rd Nth #01-113, 628467, Singapore",1973-05-08T16:30:00.000Z,Zexi��Shi,Male,62641514,S5838826B
61a0d21da3b5e8ecfe7b6d70,"Blk 266 Serangoon Central Dr #03-255 S(550266), Singapore",1970-01-01T00:00:00.000Z,Yazhu��Cai,Female,62273465,S7257641A
61a0d21da3b5e8ecfe7b6d71,"415 ORCHARD RD 04-17, 238875, Singapore",1970-11-03T16:30:00.000Z,Yaling��Kong,Male,67338955,S3525116B
61a0d21da3b5e8ecfe7b6d72,"36 Wholesale Centre 01-587, 110036, Singapore",1971-12-07T16:30:00.000Z,Xue��Lei,Male,67798979,S2989774C
61a0d21da3b5e8ecfe7b6d73,"418B Orchard Road #13-01 Ngee Ann City, 238874, Singapore",1983-11-01T16:00:00.000Z,Ming��Shao,Male,67380294,S1471717Z
61a0d21da3b5e8ecfe7b6d74,"Boon Lay 640214, Singapore",1970-01-01T00:00:00.000Z,Cheng��Xian,Male,67537952,S7680897Z
61a0d21da3b5e8ecfe7b6d75,"36 ANSON ROAD 33-07 INTERNATIONAL PLAZA, 079903, Singapore",1970-01-01T00:00:00.000Z,Yaling��Xu,Female,62239086,S7584102G
61a0d21da3b5e8ecfe7b6d76,"109 Robinson Road #15-01 Robinson Centre 068893, Singapore",1979-12-04T16:30:00.000Z,Guanyu��Cai,Female,64381145,S7343988D
61a0d21da3b5e8ecfe7b6d77,"92 Kaki Bukit View KAKI BUKIT TECH PARK II, 415977, Singapore",1970-01-01T00:00:00.000Z,Xuegang��Wang,Male,67492046,S4876815F
61a0d21da3b5e8ecfe7b6d78,"BLK 131 MARSILING RISE, #01-186 730131, Singapore",1975-03-08T16:30:00.000Z,Jia��Xiong,Male,63621170,S1164883E
61a0d21da3b5e8ecfe7b6d79,"52 Jalan Tambur Island Park, 576782, Singapore",1994-05-07T16:00:00.000Z,Kun��Fang,Female,64546482,S6457134F
61a0d21da3b5e8ecfe7b6d7a,"134 Kaki Bukit Avenue 1 Shun Li Industrial Park, 415991, Singapore",1970-01-01T00:00:00.000Z,Xuegang��Ding,Female,62842933,S9465015A
61a0d21da3b5e8ecfe7b6d7b,"BLK 19 TOH YI DRIVE, #01-125 590019, Singapore",1970-01-01T00:00:00.000Z,Na��Jia,Male,64668545,S9876764I
61a0d21da3b5e8ecfe7b6d7c,"Blk 440 Hougang Ave 8 #16-1573 S(530440), Singapore",1970-01-01T00:00:00.000Z,Jia��Mo,Male,63870128,S4284609J
61a0d21da3b5e8ecfe7b6d7d,"540 Up Jurong Rd, 638364, Singapore",1970-01-01T00:00:00.000Z,Shufen��Cheng,Female,67934487,S5615239C
61a0d21da3b5e8ecfe7b6d7e,"Blk 533 Bukit Panjang 670533, Singapore",1982-11-10T16:00:00.000Z,Guanting��Fan,Male,67879645,S8004656A
61a0d21da3b5e8ecfe7b6d7f,"299 Bishan Street 24 #10-220, 570299, Singapore",1970-01-01T00:00:00.000Z,Bao��Zhan,Female,64528578,S3745255F
61a0d21da3b5e8ecfe7b6d80,"174 Middle Road #06-07A Gsm Building, 188976, Singapore",1970-01-01T00:00:00.000Z,Huan��Yao,Female,63360447,S1942071Z